City_ID,City,Country,Date,Lat,Lng,Max Temp,Humidity,Cloudiness,Wind Speed
0,Avarua,CK,2022-11-30 21:04:52,-21.2078,-159.775,82.45,74,75,17.27
1,Albany,US,2022-11-30 21:01:55,42.6001,-73.9662,51.26,93,100,1.01
2,Buala,SB,2022-11-30 21:04:53,-8.145,159.5921,80.35,82,100,4.99
3,Ribeira Grande,PT,2022-11-30 21:04:54,38.5167,-28.7,63.0,72,75,5.99
4,Carnarvon,AU,2022-11-30 21:04:54,-24.8667,113.6333,68.74,82,3,15.41
5,Ushuaia,AR,2022-11-30 21:04:22,-54.8,-68.3,49.66,53,75,27.63
6,Severo-Kurilsk,RU,2022-11-30 21:04:55,50.6789,156.125,28.8,86,48,10.4
7,Coahuayana,MX,2022-11-30 21:04:55,18.7333,-103.6833,85.46,63,10,6.4
8,Pevek,RU,2022-11-30 21:04:56,69.7008,170.3133,1.17,91,100,2.42
9,Phalaborwa,ZA,2022-11-30 21:04:56,-23.943,31.1411,67.6,61,0,7.78
10,Havre-Saint-Pierre,CA,2022-11-30 21:01:24,50.2334,-63.5986,24.17,78,98,16.44
11,Bluff,NZ,2022-11-30 21:04:57,-46.6,168.3333,50.81,84,96,16.89
12,Ganganagar,IN,2022-11-30 21:04:57,29.9167,73.8833,61.41,25,0,3.27
13,Khandyga,RU,2022-11-30 21:04:58,62.6667,135.6,-32.57,96,100,0.81
14,Khatanga,RU,2022-11-30 21:04:58,71.9667,102.5,-38.06,100,63,5.64
15,Chapais,CA,2022-11-30 21:01:28,49.7834,-74.8492,24.58,97,100,13.8
16,Busselton,AU,2022-11-30 21:00:14,-33.65,115.3333,62.08,81,99,9.28
17,Pitimbu,BR,2022-11-30 21:04:59,-7.4706,-34.8086,81.19,69,100,10.69
18,Castro,BR,2022-11-30 21:02:04,-24.7911,-50.0119,67.19,89,85,2.33
19,Port Macquarie,AU,2022-11-30 21:00:46,-31.4333,152.9167,59.9,64,100,3.85
20,Kodiak,US,2022-11-30 21:05:00,57.79,-152.4072,18.91,68,0,4.61
21,Saint-Augustin,CA,2022-11-30 21:05:01,51.226,-58.6502,8.42,92,99,3.69
22,Thompson,CA,2022-11-30 21:00:31,55.7435,-97.8558,-9.02,86,25,8.52
23,Bengkulu,ID,2022-11-30 21:05:01,-3.8004,102.2655,74.17,88,100,3.83
24,Eyl,SO,2022-11-30 21:05:02,7.9803,49.8164,77.54,79,8,13.2
25,Provideniya,RU,2022-11-30 21:05:03,64.3833,-173.3,33.91,64,0,11.18
26,Kapaa,US,2022-11-30 21:05:03,22.0752,-159.319,82.72,74,0,14.97
27,Vaini,TO,2022-11-30 21:04:18,-21.2,-175.2,82.56,78,75,4.61
28,Rikitea,PF,2022-11-30 21:00:21,-23.1203,-134.9692,72.72,71,92,12.86
29,Chokurdakh,RU,2022-11-30 21:05:04,70.6333,147.9167,-0.83,97,100,9.71
30,San Rafael,AR,2022-11-30 21:05:05,-34.6177,-68.3301,83.86,16,6,11.74
31,Arman,RU,2022-11-30 21:05:06,59.7,150.1667,25.02,83,100,16.13
32,Haines Junction,CA,2022-11-30 21:05:06,60.7522,-137.5108,-3.12,79,100,0.36
33,Airai,TL,2022-11-30 21:05:07,-8.9266,125.4092,60.53,92,100,1.1
34,Seoul,KR,2022-11-30 21:05:07,37.5683,126.9778,18.84,18,37,7.38
35,Barrow,US,2022-11-30 21:05:08,71.2906,-156.7887,28.42,93,100,13.8
36,Moirang,IN,2022-11-30 21:05:08,24.5,93.7667,64.18,94,99,0.65
37,Rovenki,UA,2022-11-30 21:05:09,48.0833,39.3776,26.22,41,56,17.18
38,Yellowknife,CA,2022-11-30 21:01:27,62.456,-114.3525,-15.45,75,63,4.0
39,Sao Filipe,CV,2022-11-30 21:04:03,14.8961,-24.4956,75.92,65,50,9.55
40,Sterling,US,2022-11-30 21:00:34,39.0062,-77.4286,56.77,58,100,23.02
41,Saint George,US,2022-11-30 21:03:11,37.1041,-113.5841,56.43,25,0,8.05
42,Presidencia Roque Saenz Pena,AR,2022-11-30 21:05:10,-26.7852,-60.4388,100.62,18,50,9.93
43,Biak,ID,2022-11-30 21:05:11,-0.9131,122.8766,76.08,80,95,3.96
44,Usinsk,RU,2022-11-30 21:05:11,65.9939,57.5281,-9.54,100,99,3.6
45,Verkhoyansk,RU,2022-11-30 21:05:12,67.5447,133.385,-20.97,99,100,3.13
46,San Patricio,US,2022-11-30 21:05:12,28.017,-97.5169,66.29,44,3,17.72
47,Batemans Bay,AU,2022-11-30 21:06:13,-35.7167,150.1833,64.09,74,60,1.45
48,Mataura,NZ,2022-11-30 21:01:38,-46.1927,168.8643,50.49,53,81,6.93
49,Punta Arenas,CL,2022-11-30 21:04:04,-53.15,-70.9167,50.11,61,100,22.28
50,Sao Jose Da Coroa Grande,BR,2022-11-30 21:06:14,-8.8978,-35.1478,77.49,77,100,9.62
51,Hailar,CN,2022-11-30 21:06:14,49.2,119.7,-20.4,90,26,8.37
52,Bethel,US,2022-11-30 21:04:07,41.3712,-73.414,57.65,83,100,5.99
53,Gat,IL,2022-11-30 21:06:15,31.61,34.7642,60.4,69,0,4.29
54,Qaanaaq,GL,2022-11-30 21:02:44,77.484,-69.3632,-21.98,77,17,5.19
55,Turkistan,KZ,2022-11-30 21:06:16,43.0,68.0,28.65,63,48,9.19
56,East London,ZA,2022-11-30 21:06:17,-33.0153,27.9116,72.27,90,100,12.33
57,Lebu,CL,2022-11-30 21:06:17,-37.6167,-73.65,55.89,65,0,20.85
58,Ayan,RU,2022-11-30 21:06:18,56.45,138.1667,-7.01,86,100,26.24
59,Tuktoyaktuk,CA,2022-11-30 21:04:55,69.4541,-133.0374,2.7,96,100,7.14
60,Sioux Lookout,CA,2022-11-30 21:06:18,50.1001,-91.917,15.55,84,100,17.09
61,Sidi Ali,DZ,2022-11-30 21:06:19,36.0998,0.4206,55.81,54,100,5.23
62,Port Alfred,ZA,2022-11-30 21:06:19,-33.5906,26.891,66.18,95,100,5.32
63,Victoria,HK,2022-11-30 21:01:24,22.2855,114.1577,63.32,81,100,18.01
64,Cape Town,ZA,2022-11-30 21:05:00,-33.9258,18.4232,67.26,77,31,3.0
65,Broome,US,2022-11-30 21:06:20,42.2506,-75.833,46.71,86,100,21.85
66,Chuy,UY,2022-11-30 21:06:21,-33.6971,-53.4616,73.27,79,10,16.78
67,Krasnoarmeysk,RU,2022-11-30 21:06:21,51.0239,45.6969,20.44,81,4,5.46
68,Afsin,TR,2022-11-30 21:06:22,38.2477,36.914,45.88,90,99,0.94
69,Ituporanga,BR,2022-11-30 21:06:23,-27.4144,-49.6025,68.65,97,100,2.84
70,Kapchorwa,UG,2022-11-30 21:06:23,1.3965,34.4509,61.47,64,98,6.22
71,Nouadhibou,MR,2022-11-30 21:06:24,20.931,-17.0347,65.61,74,0,16.89
72,Ilulissat,GL,2022-11-30 21:02:55,69.2167,-51.1,23.02,86,100,27.63
73,Hermanus,ZA,2022-11-30 21:06:25,-34.4187,19.2345,59.81,87,48,2.68
74,Inuvik,CA,2022-11-30 21:06:25,68.3499,-133.7218,-0.11,92,100,4.88
75,Grindavik,IS,2022-11-30 21:06:25,63.8424,-22.4338,45.07,93,75,19.57
76,Podgornoye,RU,2022-11-30 21:06:26,51.735,39.1496,16.02,92,0,4.47
77,Tasiilaq,GL,2022-11-30 21:06:12,65.6145,-37.6368,39.36,95,100,22.35
78,Pasir Gudang,MY,2022-11-30 21:06:27,1.4584,103.8805,78.82,91,75,2.3
79,Hilo,US,2022-11-30 21:06:27,19.7297,-155.09,86.29,81,40,5.75
80,Thinadhoo,MV,2022-11-30 21:06:28,0.5333,72.9333,80.31,68,29,6.15
81,Guozhen,CN,2022-11-30 21:06:28,34.3659,107.359,22.33,54,97,2.42
82,Padang,ID,2022-11-30 21:06:29,-0.9492,100.3543,75.25,95,100,2.24
83,Abu Dhabi,AE,2022-11-30 21:06:29,24.4667,54.3667,75.31,89,99,1.01
84,Longyearbyen,SJ,2022-11-30 21:06:30,78.2186,15.6401,35.44,87,75,11.5
85,Dunedin,NZ,2022-11-30 21:05:19,-45.8742,170.5036,59.81,60,9,8.01
86,Tchollire,CM,2022-11-30 21:06:30,8.4022,14.1698,74.28,31,91,1.52
87,Luderitz,NA,2022-11-30 21:06:31,-26.6481,15.1594,63.23,79,0,10.8
88,Saint-Philippe,RE,2022-11-30 21:06:31,-21.3585,55.7679,74.79,78,30,8.97
89,Clyde River,CA,2022-11-30 21:05:19,70.4692,-68.5914,-26.77,91,12,4.12
90,Talnakh,RU,2022-11-30 21:05:27,69.4865,88.3972,-2.83,99,100,4.72
91,Ancud,CL,2022-11-30 21:06:32,-41.8697,-73.8203,55.08,57,14,6.6
92,Sungai Pelek,MY,2022-11-30 21:06:33,2.6449,101.717,80.06,94,20,1.14
93,Manokwari,ID,2022-11-30 21:07:33,-0.8667,134.0833,77.36,81,100,3.04
94,Puerto Escondido,MX,2022-11-30 21:07:34,15.85,-97.0667,83.23,61,75,8.05
95,Inskoy,RU,2022-11-30 21:07:34,54.4297,86.44,-8.93,93,5,3.27
96,Santa Fe,AR,2022-11-30 21:07:35,-31.6333,-60.7,88.02,45,100,13.8
97,Banda Aceh,ID,2022-11-30 21:07:35,5.5577,95.3222,77.72,80,100,2.75
98,Prainha,BR,2022-11-30 21:07:36,-1.8,-53.48,82.08,74,63,4.68
99,Lompoc,US,2022-11-30 21:07:36,34.6391,-120.4579,65.79,71,100,11.5
100,New Norfolk,AU,2022-11-30 21:07:37,-42.7826,147.0587,53.92,52,5,1.99
101,Khani,GE,2022-11-30 21:07:37,41.9563,42.9566,45.97,78,19,5.88
102,Naze,JP,2022-11-30 21:07:38,28.3667,129.4833,59.0,77,100,18.63
103,Phan Thiet,VN,2022-11-30 21:07:38,10.9333,108.1,74.84,84,98,6.62
104,Dikson,RU,2022-11-30 21:07:39,73.5069,80.5464,22.23,95,100,11.63
105,Davila,PH,2022-11-30 21:07:39,18.4726,120.5763,79.75,84,42,22.24
106,Hobart,AU,2022-11-30 21:06:04,-42.8794,147.3294,54.27,62,75,9.22
107,Kismayo,SO,2022-11-30 21:07:40,-0.3582,42.5454,78.96,81,48,13.22
108,Butaritari,KI,2022-11-30 21:07:40,3.0707,172.7902,81.28,76,15,12.84
109,Port Elizabeth,ZA,2022-11-30 21:06:51,-33.918,25.5701,67.1,91,36,5.01
110,Shingu,JP,2022-11-30 21:07:41,33.7333,135.9833,44.96,75,94,6.89
111,Dubti,ET,2022-11-30 21:07:42,11.7361,41.0853,75.85,50,2,10.4
112,Naryan-Mar,RU,2022-11-30 21:07:42,67.6713,53.087,4.86,96,12,8.16
113,Namibe,AO,2022-11-30 21:07:43,-15.1961,12.1522,70.65,71,80,2.89
114,Gornozavodsk,RU,2022-11-30 21:07:43,58.3758,58.3211,9.43,96,100,1.74
115,Gornopravdinsk,RU,2022-11-30 21:07:44,60.05,69.9,-10.79,96,83,3.8
116,San Gavino Monreale,IT,2022-11-30 21:07:44,39.5514,8.7917,51.46,79,5,0.81
117,Macamic,CA,2022-11-30 21:07:45,48.7502,-78.9996,31.3,80,100,14.74
118,Porto Santo,PT,2022-11-30 21:07:45,33.072,-16.3415,66.58,77,20,12.66
119,Mahebourg,MU,2022-11-30 21:04:12,-20.4081,57.7,74.25,83,40,2.3
120,Touros,BR,2022-11-30 21:03:56,-5.1989,-35.4608,79.14,68,100,11.56
121,Vysokogornyy,RU,2022-11-30 21:07:46,50.1167,139.15,-12.5,90,100,11.54
122,Alta Floresta,BR,2022-11-30 21:07:28,-9.8756,-56.0861,84.63,60,59,5.26
123,Gizo,SB,2022-11-30 21:07:47,-8.103,156.8419,81.97,76,81,4.23
124,Elat,IL,2022-11-30 21:07:47,29.5581,34.9482,62.44,51,0,4.61
125,Kurilsk,RU,2022-11-30 21:07:48,45.2333,147.8833,28.53,66,98,30.8
126,Aasiaat,GL,2022-11-30 21:03:14,68.7098,-52.8699,19.13,86,100,17.22
127,Belmonte,BR,2022-11-30 21:07:48,-15.8631,-38.8828,77.58,90,100,8.77
128,Onega,RU,2022-11-30 21:07:49,63.9061,38.1404,12.51,91,99,4.43
129,Shepsi,RU,2022-11-30 21:07:49,44.0361,39.1489,52.84,62,61,5.95
130,Turan,VN,2022-11-30 21:07:50,16.0678,108.2208,78.78,83,40,2.3
131,Kenai,US,2022-11-30 21:07:50,60.5544,-151.2583,3.25,85,0,4.61
132,Arlit,NE,2022-11-30 21:07:50,18.7369,7.3853,71.51,19,0,7.09
133,Jamestown,US,2022-11-30 21:07:51,42.097,-79.2353,35.19,71,100,24.16
134,Bredasdorp,ZA,2022-11-30 21:07:52,-34.5322,20.0403,63.64,80,68,2.1
135,Berlevag,NO,2022-11-30 21:03:12,70.8578,29.0864,33.8,86,0,6.91
136,Marystown,CA,2022-11-30 21:07:52,47.1666,-55.1483,28.31,61,5,1.34
137,Mumford,GH,2022-11-30 21:07:53,5.2618,-0.759,79.57,84,35,7.09
138,Puerto Ayora,EC,2022-11-30 21:07:53,-0.7393,-90.3518,76.96,87,68,8.99
139,Fomboni,KM,2022-11-30 21:08:54,-12.28,43.7425,79.32,71,0,4.68
140,Atuona,PF,2022-11-30 21:08:54,-9.8,-139.0333,77.9,74,54,16.15
141,Riyadh,SA,2022-11-30 21:05:23,24.6877,46.7219,66.34,31,46,8.61
142,Santa Marta,CO,2022-11-30 21:06:22,11.2408,-74.199,85.89,66,23,10.0
143,Prince Rupert,CA,2022-11-30 21:08:55,54.3161,-130.3201,20.39,38,62,9.22
144,Lagoa,PT,2022-11-30 21:08:56,39.05,-27.9833,61.99,75,2,7.99
145,Mizdah,LY,2022-11-30 21:08:56,31.4451,12.9801,52.81,56,1,9.19
146,San Jeronimo,PE,2022-11-30 21:08:57,-11.9472,-75.2829,68.97,26,56,3.53
147,Cabo San Lucas,MX,2022-11-30 21:06:31,22.8909,-109.9124,82.62,61,20,9.22
148,Umm Lajj,SA,2022-11-30 21:08:58,25.0213,37.2685,75.4,50,98,10.85
149,Georgetown,MY,2022-11-30 21:07:55,5.4112,100.3354,80.24,88,20,1.14
150,Shihezi,CN,2022-11-30 21:08:07,44.3,86.0333,3.97,81,86,2.3
151,Moron,AR,2022-11-30 21:08:58,-34.6534,-58.6198,78.98,64,83,12.35
152,Burnie,AU,2022-11-30 21:06:34,-41.0667,145.9167,54.95,56,0,8.55
153,Pisco,PE,2022-11-30 21:08:59,-13.7,-76.2167,73.45,68,0,19.57
154,Ust-Karsk,RU,2022-11-30 21:09:00,52.7011,118.8077,-26.99,98,25,3.09
155,Kavaratti,IN,2022-11-30 21:09:00,10.5669,72.642,81.14,74,5,3.94
156,Sitka,US,2022-11-30 21:09:01,57.0531,-135.33,28.29,34,0,12.66
157,Gravdal,NO,2022-11-30 21:09:01,68.1214,13.5031,39.09,81,75,3.44
158,Koson,UZ,2022-11-30 21:09:02,39.0375,65.585,44.92,76,100,8.95
159,Itarema,BR,2022-11-30 21:05:33,-2.9248,-39.9167,80.04,71,90,14.65
160,Kahului,US,2022-11-30 21:09:02,20.8947,-156.47,81.97,82,20,10.36
161,Hemsedal,NO,2022-11-30 21:09:03,60.8629,8.5534,25.16,93,76,3.56
162,Dickinson,US,2022-11-30 21:09:03,29.4608,-95.0513,67.01,42,0,16.11
163,Hasaki,JP,2022-11-30 21:09:04,35.7333,140.8333,52.29,74,100,21.59
164,Poum,NC,2022-11-30 21:09:04,-20.2333,164.0167,81.59,81,53,16.28
165,Homer,US,2022-11-30 21:04:05,59.6425,-151.5483,25.03,63,0,4.61
166,Vestmannaeyjar,IS,2022-11-30 21:09:05,63.4427,-20.2734,47.07,82,92,22.12
167,Cozumel,MX,2022-11-30 21:07:41,20.5083,-86.9458,87.87,73,40,5.99
168,Ahipara,NZ,2022-11-30 21:08:41,-35.1667,173.1667,61.29,70,99,15.77
169,Camargo,MX,2022-11-30 21:09:06,27.6667,-105.1667,76.87,13,5,10.69
170,Ketchikan,US,2022-11-30 21:05:10,55.3422,-131.6461,25.27,26,0,13.8
171,Fortuna,US,2022-11-30 21:09:04,40.5982,-124.1573,55.74,68,100,19.57
172,Cockburn Town,TC,2022-11-30 21:09:07,21.4612,-71.1419,80.37,70,0,19.57
173,Kavieng,PG,2022-11-30 21:04:16,-2.5744,150.7967,82.09,73,30,2.15
174,Kedrovyy,RU,2022-11-30 21:09:08,56.1667,91.8167,0.01,98,44,3.47
175,Arraial Do Cabo,BR,2022-11-30 21:05:20,-22.9661,-42.0278,73.26,94,100,14.97
176,Takoradi,GH,2022-11-30 21:09:09,4.8845,-1.7554,79.52,82,100,6.13
177,Stephenville,US,2022-11-30 21:09:10,32.2207,-98.2023,50.25,25,0,9.22
178,Novoagansk,RU,2022-11-30 21:09:10,61.9449,76.6625,-16.89,99,42,1.68
179,Ondjiva,AO,2022-11-30 21:09:11,-17.0667,15.7333,82.18,33,60,5.12
180,Gwadar,PK,2022-11-30 21:09:11,25.1216,62.3254,75.58,41,91,3.02
181,Te Anau,NZ,2022-11-30 21:09:12,-45.4167,167.7167,46.8,89,91,1.9
182,Tambura,SS,2022-11-30 21:06:02,5.6,27.4667,73.53,77,100,6.49
183,Havoysund,NO,2022-11-30 21:09:12,70.9963,24.6622,35.83,82,80,7.31
184,Kadoma,JP,2022-11-30 21:10:13,34.7333,135.5833,49.98,49,24,7.27
185,Flin Flon,CA,2022-11-30 21:10:13,54.7682,-101.865,-4.76,80,38,5.99
186,Bereda,ES,2022-11-30 21:10:14,43.2686,-7.5406,47.41,100,96,3.22
187,Vardo,NO,2022-11-30 21:10:14,70.3705,31.1107,30.18,86,40,9.22
188,Urengoy,RU,2022-11-30 21:10:15,65.9667,78.3667,-12.32,100,82,4.83
189,San Anselmo,US,2022-11-30 21:10:15,37.9747,-122.5616,59.85,63,100,8.01
190,Norman Wells,CA,2022-11-30 21:06:40,65.282,-126.8329,1.35,93,100,2.68
191,Lazaro Cardenas,MX,2022-11-30 21:10:16,17.9583,-102.2,82.69,64,4,6.55
192,Aliwal North,ZA,2022-11-30 21:10:17,-30.6937,26.7114,70.56,48,88,5.17
193,Mayo,US,2022-11-30 21:10:17,38.8876,-76.5119,58.39,95,100,6.91
194,Kidal,ML,2022-11-30 21:10:18,18.4411,1.4078,75.31,18,52,7.61
195,Bulgan,MN,2022-11-30 21:10:18,48.8125,103.5347,-11.47,87,2,3.36
196,Vallenar,CL,2022-11-30 21:10:19,-28.5708,-70.7581,74.68,49,0,9.98
197,Umtata,ZA,2022-11-30 21:10:20,-31.5889,28.7844,68.45,62,100,2.93
198,Bubaque,GW,2022-11-30 21:10:20,11.2833,-15.8333,81.84,66,24,11.99
199,Kongsberg,NO,2022-11-30 21:10:21,59.6652,9.6465,32.43,100,100,1.01
200,Teacapan,MX,2022-11-30 21:10:22,22.55,-105.75,79.07,52,12,8.77
201,Saldanha,ZA,2022-11-30 21:06:40,-33.0117,17.9442,63.01,91,10,10.09
202,Mangan,IN,2022-11-30 21:10:22,27.5167,88.5333,58.98,35,57,6.53
203,Palanga,LT,2022-11-30 21:10:23,55.9175,21.0686,33.82,93,40,4.61
204,Codrington,AU,2022-11-30 21:06:31,-38.2667,141.9667,57.45,88,83,3.8
205,Kirakira,SB,2022-11-30 21:07:34,-10.4544,161.9205,81.88,77,100,1.59
206,Sedhiou,SN,2022-11-30 21:10:24,12.7081,-15.5569,78.21,35,10,4.12
207,Ponta Do Sol,PT,2022-11-30 21:10:24,32.6667,-17.1,66.13,75,6,2.04
208,Dudinka,RU,2022-11-30 21:10:25,69.4058,86.1778,0.43,99,99,6.24
209,Lata,PT,2022-11-30 21:10:25,40.1629,-8.3327,51.08,94,100,4.61
210,Iqaluit,CA,2022-11-30 21:10:26,63.7506,-68.5145,-20.31,68,68,11.01
211,Bedford,GB,2022-11-30 21:10:26,52.1346,-0.4663,46.24,91,73,1.3
212,Saskylakh,RU,2022-11-30 21:10:27,71.9167,114.0833,-27.96,100,100,8.39
213,Krasnoarmeyskoye,RU,2022-11-30 21:10:27,52.7182,50.0322,14.0,96,25,3.69
214,Touho,NC,2022-11-30 21:10:28,-20.7833,165.2333,80.62,79,88,7.0
215,Tuatapere,NZ,2022-11-30 21:10:28,-46.1333,167.6833,52.77,73,86,6.82
216,Sao Geraldo Do Araguaia,BR,2022-11-30 21:10:29,-6.4006,-48.555,75.67,93,95,3.04
217,Harsud,IN,2022-11-30 21:10:29,22.1,76.7333,61.61,53,96,6.17
218,Cardston,CA,2022-11-30 21:10:30,49.2,-113.3019,10.13,83,100,3.44
219,Dakar,SN,2022-11-30 21:10:00,14.6937,-17.4441,77.88,70,23,18.52
220,Awbari,LY,2022-11-30 21:10:30,26.5921,12.7805,53.31,31,0,4.21
221,Nuristan,AF,2022-11-30 21:10:31,35.3,70.8333,21.07,40,41,9.64
222,Tura,IN,2022-11-30 21:06:45,25.5198,90.2201,61.14,88,2,3.49
223,Vila Franca Do Campo,PT,2022-11-30 21:06:39,37.7167,-25.4333,61.21,86,61,3.91
224,Pangnirtung,CA,2022-11-30 21:10:32,66.1451,-65.7125,-20.13,86,16,4.18
225,Narsaq,GL,2022-11-30 21:10:32,60.9167,-46.05,28.62,87,99,3.8
226,Sorland,NO,2022-11-30 21:10:33,67.667,12.6934,40.86,77,100,13.38
227,Henties Bay,NA,2022-11-30 21:08:06,-22.116,14.2845,60.87,88,5,6.44
228,Launceston,AU,2022-11-30 21:10:33,-41.45,147.1667,55.15,75,100,8.05
229,Brae,GB,2022-11-30 21:10:34,60.3964,-1.353,48.24,83,99,21.54
230,Coos Bay,US,2022-11-30 21:09:30,43.3665,-124.2179,48.99,99,100,12.8
231,Lebanon,US,2022-11-30 21:06:07,36.2081,-86.2911,48.25,48,0,8.05
232,Halifax,CA,2022-11-30 21:07:51,44.6453,-63.5724,45.21,80,100,15.01
233,Jumla,NP,2022-11-30 21:11:35,29.2747,82.1838,40.69,25,0,5.48
234,Novo Aripuana,BR,2022-11-30 21:11:36,-5.1206,-60.3797,79.12,85,100,0.43
235,Iranshahr,IR,2022-11-30 21:11:36,27.2025,60.6848,61.14,21,0,6.91
236,Hoi An,VN,2022-11-30 21:11:37,15.8794,108.335,78.76,86,20,0.83
237,Dumabato,PH,2022-11-30 21:11:37,16.3167,121.7,72.09,99,86,1.88
238,Pacific Grove,US,2022-11-30 21:11:38,36.6177,-121.9166,59.43,68,0,5.01
239,Nyurba,RU,2022-11-30 21:11:18,63.2842,118.3319,-24.39,97,99,5.26
240,Kaeo,NZ,2022-11-30 21:11:39,-35.1,173.7833,64.33,79,61,10.98
241,Bilma,NE,2022-11-30 21:11:39,18.6853,12.9164,66.96,30,8,7.34
242,Komsomolskiy,UZ,2022-11-30 21:11:40,40.4272,71.7189,48.92,71,40,13.8
243,Mar Del Plata,AR,2022-11-30 21:11:40,-38.0023,-57.5575,65.08,97,100,13.8
244,Antalaha,MG,2022-11-30 21:11:40,-14.9003,50.2788,71.4,92,8,4.54
245,Mount Gambier,AU,2022-11-30 21:11:41,-37.8333,140.7667,56.5,88,60,6.29
246,Mola Di Bari,IT,2022-11-30 21:11:41,41.0609,17.0873,53.31,84,100,14.79
247,Balapur,IN,2022-11-30 21:11:42,20.6667,76.7667,65.7,50,85,2.64
248,Aitape,PG,2022-11-30 21:11:42,-3.1374,142.3475,77.88,87,100,4.65
249,Saint-Francois,FR,2022-11-30 21:11:43,46.4154,3.9054,43.68,87,100,4.61
250,Pozo Colorado,PY,2022-11-30 21:11:44,-23.4923,-58.7972,99.16,20,31,7.65
251,Mlonggo,ID,2022-11-30 21:11:44,-6.5333,110.7,76.03,86,97,8.37
252,Vyazemskiy,RU,2022-11-30 21:11:45,47.5378,134.7525,-4.36,81,93,15.23
253,Luangwa,ZM,2022-11-30 21:11:45,-15.6167,30.4167,73.26,74,0,3.4
254,Quatre Cocos,MU,2022-11-30 21:11:46,-20.2078,57.7625,74.08,76,30,8.9
255,Timizart,DZ,2022-11-30 21:11:46,36.8,4.2667,48.43,72,9,4.63
256,Grand Gaube,MU,2022-11-30 21:11:47,-20.0064,57.6608,74.37,75,50,3.0
257,Laguna,US,2022-11-30 21:11:47,38.421,-121.4238,60.06,46,0,10.36
258,Cap-Aux-Meules,CA,2022-11-30 21:11:19,47.3821,-61.8597,36.86,65,100,23.29
259,Nawabganj,BD,2022-11-30 21:11:48,24.5911,88.271,65.62,63,0,7.16
260,Barabash,RU,2022-11-30 21:11:48,43.2,131.4833,10.65,54,69,9.15
261,Cabedelo,BR,2022-11-30 21:11:49,-6.9811,-34.8339,81.27,69,97,11.03
262,Walvis Bay,NA,2022-11-30 21:11:49,-22.9575,14.5053,62.1,80,2,13.98
263,Abatskoye,RU,2022-11-30 21:11:50,56.2875,70.4555,-5.69,88,92,6.31
264,Geraldton,AU,2022-11-30 21:08:22,-28.7667,114.6,68.41,68,100,9.22
265,Necochea,AR,2022-11-30 21:11:50,-38.5473,-58.7368,60.21,75,100,15.41
266,Ariogala,LT,2022-11-30 21:11:51,55.2667,23.4667,28.98,97,100,5.5
267,Ubon Ratchathani,TH,2022-11-30 21:11:51,15.1667,105.1667,75.11,84,81,3.4
268,Tarko-Sale,RU,2022-11-30 21:11:52,64.9225,77.785,-12.77,97,20,5.75
269,Yulara,AU,2022-11-30 21:11:52,-25.2406,130.9889,68.67,25,1,7.47
270,Mae Ramat,TH,2022-11-30 21:11:53,16.984,98.5166,76.8,97,100,1.1
271,Balakhninskiy,RU,2022-11-30 21:11:53,58.0106,114.2769,-4.74,95,100,9.01
272,Myitkyina,MM,2022-11-30 21:11:54,25.3833,97.4,63.64,66,50,2.59
273,Srednekolymsk,RU,2022-11-30 21:11:54,67.45,153.6833,-13.09,99,100,5.77
274,Isangel,VU,2022-11-30 21:07:48,-19.55,169.2667,82.89,75,100,7.02
275,Paamiut,GL,2022-11-30 21:11:55,61.994,-49.6678,25.93,84,100,46.22
276,Leningradskiy,RU,2022-11-30 21:12:56,69.3833,178.4167,3.45,95,94,3.6
277,San Quintin,MX,2022-11-30 21:08:03,30.4833,-115.95,61.14,62,14,11.1
278,Belomorsk,RU,2022-11-30 21:12:56,64.5232,34.7668,24.19,97,100,3.71
279,Itoman,JP,2022-11-30 21:12:57,26.1247,127.6694,66.22,82,100,19.57
280,Nolinsk,RU,2022-11-30 21:12:57,57.5596,49.9363,12.09,96,95,3.96
281,Aswan,EG,2022-11-30 21:12:58,24.0934,32.907,69.33,32,66,8.16
282,Yar-Sale,RU,2022-11-30 21:12:58,66.8333,70.8333,-9.8,100,28,4.7
283,Upata,VE,2022-11-30 21:12:59,8.0086,-62.3989,78.19,81,69,4.43
284,Tombouctou,ML,2022-11-30 21:12:59,20.0,-3.0,70.63,17,68,9.4
285,Mozirje,SI,2022-11-30 21:13:00,46.3394,14.9633,38.37,98,100,4.32
286,Albox,ES,2022-11-30 21:13:00,37.3886,-2.1495,48.33,76,100,0.22
287,Montmagny,FR,2022-11-30 21:08:23,48.9734,2.3469,44.96,92,100,6.91
288,San Angelo,US,2022-11-30 21:10:00,31.4638,-100.437,48.6,46,0,12.66
289,Dosso,NE,2022-11-30 21:08:11,13.049,3.1937,75.61,18,67,9.37
290,Uige,AO,2022-11-30 21:13:02,-7.6087,15.0613,67.06,98,100,0.98
291,Los Llanos De Aridane,ES,2022-11-30 21:09:29,28.6585,-17.9182,65.95,73,75,9.22
292,Cabinda,AO,2022-11-30 21:13:03,-5.55,12.2,77.34,84,46,5.44
293,Shimoda,JP,2022-11-30 21:13:04,34.6667,138.95,53.1,87,100,11.88
294,Foix,FR,2022-11-30 21:13:04,42.8333,1.5833,38.1,92,7,4.97
295,Upington,ZA,2022-11-30 21:13:05,-28.4478,21.2561,88.41,27,89,13.09
296,Santarem,BR,2022-11-30 21:13:06,-2.4431,-54.7083,82.53,89,20,3.44
297,Gori,GE,2022-11-30 21:13:06,41.9842,44.1158,41.22,94,100,13.13
298,Darnah,LY,2022-11-30 21:13:07,32.767,22.6367,61.34,68,1,22.21
299,Katsuura,JP,2022-11-30 21:13:07,35.1333,140.3,55.17,84,100,17.49
300,Wagga Wagga,AU,2022-11-30 21:13:08,-35.1167,147.3667,67.84,68,5,11.43
301,Upernavik,GL,2022-11-30 21:13:08,72.7868,-56.1549,7.77,90,100,17.18
302,Saurimo,AO,2022-11-30 21:13:09,-9.6608,20.3916,63.97,95,100,2.51
303,Maniitsoq,GL,2022-11-30 21:13:10,65.4167,-52.9,21.52,77,100,35.81
304,Northam,GB,2022-11-30 21:13:10,51.0333,-4.2167,44.26,88,58,7.7
305,Semporna,MY,2022-11-30 21:13:11,4.4818,118.6112,78.49,84,100,2.46
306,Hambantota,LK,2022-11-30 21:09:35,6.1241,81.1185,75.81,90,100,7.2
307,Richmond,US,2022-11-30 21:11:45,37.5538,-77.4603,63.14,84,40,14.97
308,Trairi,BR,2022-11-30 21:11:05,-3.2778,-39.2689,80.04,70,88,11.7
309,Kloulklubed,PW,2022-11-30 21:13:12,7.0419,134.2556,77.5,76,100,16.87
310,San Francisco,US,2022-11-30 21:10:45,37.7749,-122.4194,60.85,62,20,7.0
311,Orchard Homes,US,2022-11-30 21:13:13,46.8633,-114.0484,33.28,77,100,13.8
312,Hualmay,PE,2022-11-30 21:13:13,-11.0964,-77.6139,70.83,75,79,10.31
313,Newport,GB,2022-11-30 21:13:14,51.5877,-2.9984,44.53,76,57,4.23
314,Cherskiy,RU,2022-11-30 21:13:14,68.75,161.3,1.44,95,100,3.0
315,Husavik,IS,2022-11-30 21:13:15,66.0449,-17.3389,41.5,89,100,13.51
316,Egvekinot,RU,2022-11-30 21:13:15,66.3167,-179.1667,9.14,85,43,2.8
317,Klaksvik,FO,2022-11-30 21:13:16,62.2266,-6.589,49.12,94,100,32.23
318,Skibotn,NO,2022-11-30 21:14:16,69.3913,20.2679,31.78,91,86,4.74
319,Dingle,PH,2022-11-30 21:14:17,10.9995,122.6711,75.42,93,98,8.05
320,Turukhansk,RU,2022-11-30 21:14:17,65.8167,87.9833,5.0,95,100,12.62
321,Flinders,AU,2022-11-30 21:14:18,-34.5833,150.8552,66.06,79,100,4.0
322,Gola Bazar,IN,2022-11-30 21:14:18,26.3431,83.3553,61.14,57,0,5.55
323,Hithadhoo,MV,2022-11-30 21:14:19,-0.6,73.0833,80.76,74,69,6.64
324,Tevaitoa,PF,2022-11-30 21:14:19,-16.7833,-151.5,79.68,78,17,13.38
325,Hirara,JP,2022-11-30 21:14:20,24.8,125.2833,72.68,80,100,28.05
326,Hofn,IS,2022-11-30 21:14:20,64.2539,-15.2082,48.07,99,100,22.32
327,Berdigestyakh,RU,2022-11-30 21:14:21,62.0989,126.6992,-19.73,97,100,5.64
328,Yangjiang,CN,2022-11-30 21:14:21,21.85,111.9667,60.57,73,100,11.83
329,Nantucket,US,2022-11-30 21:14:22,41.2835,-70.0995,59.14,93,0,23.02
330,Nikolskoye,RU,2022-11-30 21:14:22,59.7035,30.7861,23.92,90,98,3.65
331,Victor Harbor,AU,2022-11-30 21:14:23,-35.5667,138.6167,55.69,77,9,11.43
332,Wageningen,NL,2022-11-30 21:14:23,51.9667,5.6667,44.11,93,100,4.61
333,Lumding,IN,2022-11-30 21:14:24,25.7535,93.1732,62.06,90,17,1.63
334,Turkmenabat,TM,2022-11-30 21:14:25,39.0733,63.5786,39.34,58,100,10.38
335,North Bend,US,2022-11-30 21:13:09,43.4065,-124.2243,48.92,99,100,14.14
336,Solenzo,BF,2022-11-30 21:14:25,12.1833,-4.0833,80.33,17,34,4.9
337,Mittagong,AU,2022-11-30 21:12:52,-34.45,150.45,58.86,72,100,4.27
338,Tiksi,RU,2022-11-30 21:14:26,71.6872,128.8694,-11.85,100,100,14.43
339,Kampong Cham,KH,2022-11-30 21:14:27,11.9934,105.4635,73.76,87,100,6.11
340,Sosnovo-Ozerskoye,RU,2022-11-30 21:14:27,52.5249,111.5418,-4.18,77,99,15.88
341,Smidovich,RU,2022-11-30 21:14:28,48.6,133.8167,-5.55,79,59,19.26
342,Kaitangata,NZ,2022-11-30 21:14:28,-46.2817,169.8464,58.24,51,12,10.42
343,Nanortalik,GL,2022-11-30 21:14:29,60.1432,-45.2371,29.73,84,100,25.32
344,Kousseri,CM,2022-11-30 21:14:29,12.0769,15.0306,74.32,24,63,8.39
345,Sanctorum,MX,2022-11-30 21:10:31,19.1,-98.25,76.32,19,40,3.44
346,Ambilobe,MG,2022-11-30 21:14:30,-13.2,49.05,76.32,83,97,1.43
347,Alofi,NU,2022-11-30 21:14:30,-19.0595,-169.9187,84.09,70,40,6.91
348,Rio Grande,BR,2022-11-30 21:14:31,-32.035,-52.0986,78.91,82,21,18.54
349,Manta,EC,2022-11-30 21:14:31,-0.95,-80.7333,76.78,71,62,15.35
350,Wasilla,US,2022-11-30 21:14:32,61.5814,-149.4394,19.31,83,0,0.0
351,Toora-Khem,RU,2022-11-30 21:14:32,52.4675,96.11,-21.96,100,88,0.49
352,Petropavlovsk-Kamchatskiy,RU,2022-11-30 21:14:33,53.0452,158.6483,28.99,80,75,4.47
353,Boyuibe,BO,2022-11-30 21:14:33,-20.4167,-63.2833,93.15,26,72,10.2
354,Balikpapan,ID,2022-11-30 21:14:34,-1.2675,116.8289,74.8,92,100,3.42
355,Sangar,RU,2022-11-30 21:14:34,63.9242,127.4739,-35.77,98,99,3.8
356,Vizinga,RU,2022-11-30 21:14:35,61.0749,50.1031,19.29,97,96,4.09
357,Rundu,NA,2022-11-30 21:14:35,-17.9333,19.7667,77.31,31,34,3.83
358,Odessa,UA,2022-11-30 21:13:18,46.4775,30.7326,37.56,72,99,11.18
359,Deputatskiy,RU,2022-11-30 21:14:36,69.3,139.9,-14.66,99,100,3.65
360,Olinda,BR,2022-11-30 21:14:36,-8.0089,-34.8553,78.53,78,75,3.44
361,Chara,RU,2022-11-30 21:14:37,56.9064,118.2631,-21.57,83,100,1.97
362,Villa Carlos Paz,AR,2022-11-30 21:14:37,-31.4241,-64.4978,72.68,74,100,2.84
363,La Ronge,CA,2022-11-30 21:14:38,55.1001,-105.2842,-4.07,78,95,3.49
364,Portree,GB,2022-11-30 21:14:39,57.4129,-6.1942,47.52,95,100,11.52
365,Laguna De Perlas,NI,2022-11-30 21:15:39,12.3429,-83.6712,75.29,87,99,9.89
366,Roald,NO,2022-11-30 21:15:39,62.5833,6.1333,44.33,81,75,10.36
367,Ilirska Bistrica,SI,2022-11-30 21:15:40,45.5697,14.2408,42.46,100,100,9.26
368,Odweyne,SO,2022-11-30 21:15:40,9.4092,45.064,67.44,40,7,4.16
369,Narkanda,IN,2022-11-30 21:15:41,31.2548,77.4613,33.4,35,0,4.63
370,Sundumbili,ZA,2022-11-30 21:15:41,-29.1337,31.3975,65.46,89,0,9.55
371,Aykhal,RU,2022-11-30 21:15:42,66.0,111.5,-30.98,99,98,10.58
372,Fairbanks,US,2022-11-30 21:12:09,64.8378,-147.7164,3.22,78,100,0.0
373,Kamenka,RU,2022-11-30 21:15:42,51.3223,42.7678,22.03,47,1,6.38
374,Bourail,NC,2022-11-30 21:15:43,-21.5667,165.4833,83.64,66,97,6.24
375,Arcata,US,2022-11-30 21:15:44,40.8665,-124.0828,56.01,59,100,21.85
376,Kruisfontein,ZA,2022-11-30 21:15:44,-34.0033,24.7314,64.89,74,5,5.57
377,Santiago Tuxtla,MX,2022-11-30 21:15:45,18.4667,-95.3,81.09,76,63,8.03
378,Puerto Cabezas,NI,2022-11-30 21:15:45,14.0351,-83.3888,85.96,70,40,11.5
379,Bambous Virieux,MU,2022-11-30 21:15:46,-20.3428,57.7575,74.21,83,40,2.3
380,Jambi,ID,2022-11-30 21:15:46,-1.6,103.6167,72.36,98,100,2.82
381,Maues,BR,2022-11-30 21:15:46,-3.3836,-57.7186,84.49,62,85,1.36
382,Honiara,SB,2022-11-30 21:15:47,-9.4333,159.95,81.9,76,83,1.01
383,Mitu,CO,2022-11-30 21:11:40,1.1983,-70.1733,83.68,65,82,4.76
384,Whitecourt,CA,2022-11-30 21:15:48,54.1502,-115.6855,-4.76,77,100,10.36
385,Mulege,MX,2022-11-30 21:15:48,26.8833,-111.9833,72.79,51,14,8.61
386,Saint-Pierre,RE,2022-11-30 21:15:49,-21.3393,55.4781,74.88,64,75,6.91
387,Sinegorye,RU,2022-11-30 21:15:49,62.0788,150.477,-21.08,100,100,4.34
388,Omboue,GA,2022-11-30 21:15:50,-1.5746,9.2618,77.14,89,100,5.84
389,Coquimbo,CL,2022-11-30 21:15:50,-29.9533,-71.3436,65.93,68,100,10.36
390,Aklavik,CA,2022-11-30 21:15:51,68.2191,-135.0107,1.4,78,100,3.44
391,Kalmunai,LK,2022-11-30 21:15:51,7.4167,81.8167,77.04,85,93,1.21
392,Shenkursk,RU,2022-11-30 21:15:52,62.1091,42.896,6.22,98,74,2.39
393,Rocha,UY,2022-11-30 21:14:40,-34.4833,-54.3333,77.34,67,23,16.58
394,Manoel Urbano,BR,2022-11-30 21:15:52,-8.8389,-69.2597,92.46,44,84,4.85
395,Karaidel,RU,2022-11-30 21:15:53,55.8337,56.9069,0.37,100,94,0.65
396,Uppsala,SE,2022-11-30 21:15:53,60.0,17.75,27.91,100,40,0.0
397,Verkhnevilyuysk,RU,2022-11-30 21:15:54,63.4453,120.3167,-32.24,99,100,4.05
398,Namatanai,PG,2022-11-30 21:14:21,-3.6667,152.4333,81.64,75,67,2.89
399,Lavrentiya,RU,2022-11-30 21:15:55,65.5833,-171.0,22.73,90,41,7.9
400,Cidreira,BR,2022-11-30 21:15:55,-30.1811,-50.2056,71.08,91,99,18.12
401,Fare,PF,2022-11-30 21:15:56,-16.7,-151.0167,79.65,78,2,13.27
402,Lakes Entrance,AU,2022-11-30 21:15:56,-37.8811,147.981,59.16,73,56,5.01
403,Galesong,ID,2022-11-30 21:15:56,-5.3166,119.3661,75.22,88,100,4.07
404,Puerto Baquerizo Moreno,EC,2022-11-30 21:12:44,-0.9,-89.6,72.59,78,75,10.36
405,Kungurtug,RU,2022-11-30 21:15:57,50.5994,97.5228,-22.54,98,35,1.36
406,Talas,TR,2022-11-30 21:15:58,38.6908,35.5538,41.67,87,40,1.14
407,Tarrafal,CV,2022-11-30 21:15:58,15.2833,-23.7667,75.79,66,26,16.37
408,Otjiwarongo,NA,2022-11-30 21:15:59,-20.4637,16.6477,76.66,24,1,12.06
409,Nishihara,JP,2022-11-30 21:15:58,26.1842,127.7558,63.68,88,75,17.27
410,Voznesenye,RU,2022-11-30 21:15:59,61.0106,35.4781,21.83,77,100,3.24
411,Wangqing,CN,2022-11-30 21:16:00,43.3218,129.7634,6.17,68,100,11.7
412,Raudeberg,NO,2022-11-30 21:16:00,61.9875,5.1352,42.87,71,11,8.72
413,Jalu,LY,2022-11-30 21:17:01,29.0331,21.5482,59.59,40,0,7.72
414,Puri,IN,2022-11-30 21:17:01,19.8,85.85,70.32,73,8,7.09
415,Yashkul,RU,2022-11-30 21:17:02,46.1711,45.3435,27.23,37,21,13.18
416,Falun,SE,2022-11-30 21:17:02,60.6036,15.626,33.22,95,100,0.81
417,Isiro,CD,2022-11-30 21:17:03,2.7739,27.616,65.73,99,98,2.26
418,Lamar,US,2022-11-30 21:17:03,33.6668,-95.5836,49.98,31,0,6.91
419,Portland,US,2022-11-30 21:12:19,45.5234,-122.6762,48.52,88,75,12.66
420,Uray,RU,2022-11-30 21:17:04,60.1247,64.7758,2.25,98,100,3.15
421,Banepa,NP,2022-11-30 21:17:04,27.6298,85.5214,48.52,87,20,0.0
422,Kitimat,CA,2022-11-30 21:17:05,54.0524,-128.6534,19.9,48,64,1.01
423,Rumoi,JP,2022-11-30 21:17:05,43.9344,141.6428,21.65,80,100,25.79
424,Suozhen,CN,2022-11-30 21:17:06,36.9539,118.1047,17.94,22,1,4.99
425,Tayginka,RU,2022-11-30 21:17:06,55.6244,60.5076,6.3,98,91,3.06
426,Byron Bay,AU,2022-11-30 21:17:07,-28.65,153.6167,59.94,88,100,18.43
427,Loganville,US,2022-11-30 21:12:15,33.839,-83.9007,60.48,51,0,10.36
428,Inhambane,MZ,2022-11-30 21:17:07,-23.865,35.3833,71.8,86,19,9.4
429,Dalbandin,PK,2022-11-30 21:12:19,28.8947,64.4101,59.34,28,100,5.77
430,Kichera,RU,2022-11-30 21:17:08,55.9375,110.0997,-5.37,99,100,2.64
431,Lima,PE,2022-11-30 21:17:09,-12.0432,-77.0282,73.65,57,0,14.97
432,Sundargarh,IN,2022-11-30 21:17:09,22.1167,84.0333,62.31,63,0,4.68
433,Kiunga,PG,2022-11-30 21:17:10,-6.1219,141.2906,72.91,99,100,1.41
434,Livingston,GB,2022-11-30 21:17:10,55.9029,-3.5226,39.88,97,40,1.14
435,Xichang,CN,2022-11-30 21:17:11,27.8964,102.2634,44.4,87,15,2.68
436,Suraabad,AZ,2022-11-30 21:17:11,40.8192,49.4687,41.61,81,100,3.76
437,Souillac,MU,2022-11-30 21:17:12,-20.5167,57.5167,73.78,83,40,2.3
438,Viedma,AR,2022-11-30 21:17:12,-40.8135,-62.9967,65.82,37,66,16.02
439,Quimper,FR,2022-11-30 21:17:13,48.0,-4.1,41.56,93,5,6.91
440,Saint-Georges,GD,2022-11-30 21:16:14,12.0564,-61.7485,82.08,74,20,11.5
441,Siderno,IT,2022-11-30 21:17:14,38.2779,16.302,52.34,83,100,8.99
442,Muisne,EC,2022-11-30 21:17:14,0.6,-80.0333,77.41,76,66,11.12
443,Hervey Bay,AU,2022-11-30 21:17:15,-25.2986,152.8535,69.76,88,100,25.68
444,Tomatlan,MX,2022-11-30 21:17:15,19.9333,-105.25,85.71,53,8,8.16
445,Lowestoft,GB,2022-11-30 21:17:16,52.4752,1.7516,44.85,89,43,7.23
446,Deqing,CN,2022-11-30 21:17:17,30.5448,119.9599,36.95,95,100,4.47
447,Gazojak,TM,2022-11-30 21:17:17,41.1875,61.4036,29.44,57,19,6.58
448,Teya,RU,2022-11-30 21:17:18,60.3778,92.6267,-3.57,97,100,6.26
449,Avera,US,2022-11-30 21:17:18,33.194,-82.5271,68.38,71,52,14.85
450,Mehamn,NO,2022-11-30 21:12:34,71.0357,27.8492,33.75,86,75,4.61
451,Acajutla,SV,2022-11-30 21:17:19,13.5928,-89.8275,82.76,67,15,5.5
452,Saravan,AM,2022-11-30 21:17:20,39.7196,45.6483,37.53,98,100,0.49
453,Beloha,MG,2022-11-30 21:17:20,-25.1667,45.05,70.32,90,100,10.42
454,Bontang,ID,2022-11-30 21:17:21,0.1333,117.5,75.92,88,95,3.98
455,Severobaykalsk,RU,2022-11-30 21:17:21,55.65,109.3167,-3.98,79,100,6.42
456,Ust-Ishim,RU,2022-11-30 21:17:22,57.6935,71.1665,-11.25,95,85,3.6
457,Kaupanger,NO,2022-11-30 21:17:22,61.1845,7.2404,36.09,93,75,3.44
458,Labytnangi,RU,2022-11-30 21:17:23,66.6572,66.4183,-6.3,99,7,1.79
459,Verin,ES,2022-11-30 21:17:23,41.9415,-7.4381,44.56,96,100,2.57
460,Calama,CL,2022-11-30 21:18:24,-22.4667,-68.9333,72.09,12,0,27.63
461,Ussel,FR,2022-11-30 21:18:25,45.55,2.3167,38.28,90,73,7.02
462,Carnot,CF,2022-11-30 21:18:25,4.9409,15.8665,72.81,66,98,3.65
463,Poli,TZ,2022-11-30 21:18:25,-3.3333,36.8,60.94,88,99,3.02
464,Varnavino,RU,2022-11-30 21:18:26,57.4035,45.0916,4.05,97,66,2.89
465,Torbay,CA,2022-11-30 21:18:27,47.6666,-52.7314,23.77,81,20,3.0
466,Mbekenyera,TZ,2022-11-30 21:18:27,-10.0,38.9833,72.73,91,86,6.51
467,Esperance,AU,2022-11-30 21:18:28,-33.8667,121.9,65.25,63,20,13.69
468,Zhezkazgan,KZ,2022-11-30 21:18:28,47.8043,67.7144,19.99,95,100,6.2
469,Bouna,CI,2022-11-30 21:18:28,9.2667,-3.0,82.72,54,100,5.57
470,Arona,ES,2022-11-30 21:18:29,28.0996,-16.681,63.12,75,40,10.36
471,Zyryanka,RU,2022-11-30 21:18:29,65.75,150.85,-15.88,97,100,11.59
472,Tual,ID,2022-11-30 21:18:30,-5.6667,132.75,81.39,80,100,23.82
473,Masty,BY,2022-11-30 21:18:30,53.4122,24.5387,28.31,93,100,6.17
474,Aketi,CD,2022-11-30 21:18:31,2.7388,23.7833,69.42,100,96,2.15
475,Krasnoselkup,RU,2022-11-30 21:18:31,65.7,82.4667,-1.61,97,100,9.6
476,Margate,GB,2022-11-30 21:14:48,51.3813,1.3862,47.89,90,74,1.99
477,El Tigre,VE,2022-11-30 21:18:32,8.8875,-64.2454,80.96,59,56,8.75
478,Muros,ES,2022-11-30 21:18:33,42.7762,-9.0603,51.1,91,97,4.94
479,Anadyr,RU,2022-11-30 21:18:33,64.75,177.4833,28.9,86,0,8.95
480,Sayyan,YE,2022-11-30 21:18:33,15.1718,44.3244,50.04,37,0,3.65
481,Hovd,MN,2022-11-30 21:18:34,48.0056,91.6419,-3.08,77,100,2.68
482,Ust-Nera,RU,2022-11-30 21:18:34,64.5667,143.2,-19.61,98,100,9.08
483,Opuwo,NA,2022-11-30 21:18:35,-18.0607,13.84,72.82,44,32,7.99
484,Yashan,CN,2022-11-30 21:18:35,22.1975,109.9419,52.92,76,100,12.55
485,Kaffrine,SN,2022-11-30 21:18:36,14.1059,-15.5508,85.89,20,88,5.68
486,Ust-Tsilma,RU,2022-11-30 21:18:36,65.441,52.1498,-6.43,100,99,2.71
487,Kang,BW,2022-11-30 21:18:37,-23.6752,22.7876,77.31,26,0,5.93
488,Ginda,IN,2022-11-30 21:18:37,30.6945,78.4932,47.55,19,0,7.14
489,Sechura,PE,2022-11-30 21:18:38,-5.5569,-80.8222,75.85,62,23,18.03
490,Wanaka,NZ,2022-11-30 21:13:54,-44.7,169.15,55.11,66,24,3.0
491,Kaitong,CN,2022-11-30 21:18:38,44.8135,123.15,5.49,42,6,16.15
492,Banes,CU,2022-11-30 21:18:39,20.9625,-75.7186,81.79,65,4,13.13
493,Bellavista,PE,2022-11-30 21:18:39,-7.0561,-76.5911,91.42,44,86,4.74
494,Yumen,CN,2022-11-30 21:18:40,40.2833,97.2,4.53,78,63,2.68
495,Tautira,PF,2022-11-30 21:18:40,-17.7333,-149.15,78.35,81,34,12.35
496,Quetame,CO,2022-11-30 21:18:41,4.3323,-73.8614,67.37,93,93,0.54
497,Korla,CN,2022-11-30 21:18:41,41.7597,86.1469,15.49,18,83,3.91
498,Gamba,GA,2022-11-30 21:18:42,-2.65,10.0,76.14,86,87,4.7
499,Canillo,AD,2022-11-30 21:18:42,42.5833,1.6667,27.43,68,28,1.36
500,Aksarka,RU,2022-11-30 21:18:43,66.5606,67.7975,-8.57,99,8,3.24
501,Tessalit,ML,2022-11-30 21:18:43,20.1986,1.0114,71.89,18,25,7.0
502,Macusani,PE,2022-11-30 21:18:44,-14.0833,-70.4333,51.73,37,51,6.76
503,Mackay,AU,2022-11-30 21:18:44,-21.15,149.2,69.67,86,100,10.0
504,Malinyi,TZ,2022-11-30 21:18:45,-8.9333,36.1333,72.88,84,58,1.34
505,Itupiranga,BR,2022-11-30 21:18:45,-5.1347,-49.3267,84.52,92,100,1.77
506,Lamu,KE,2022-11-30 21:18:46,-2.2717,40.902,77.67,90,41,7.92
507,Carballo,ES,2022-11-30 21:18:46,43.213,-8.691,53.87,87,100,3.13
508,Port Hardy,CA,2022-11-30 21:15:23,50.6996,-127.4199,28.22,77,67,14.36
509,Parichhatgarh,IN,2022-11-30 21:18:47,28.9833,77.9333,59.9,42,0,4.97
510,Waiouru,NZ,2022-11-30 21:19:47,-39.4833,175.6667,47.48,90,97,5.73
511,Shubarkuduk,KZ,2022-11-30 21:19:48,49.1447,56.4872,17.82,36,98,6.55
512,Saiha,IN,2022-11-30 21:19:48,22.4833,92.9667,63.95,96,15,3.04
513,Svetlaya,RU,2022-11-30 21:19:49,46.5389,138.3297,3.24,68,75,16.17
514,Temir,KZ,2022-11-30 21:19:49,49.1414,57.13,15.46,43,95,8.14
515,Sisimiut,GL,2022-11-30 21:19:50,66.9395,-53.6735,17.08,85,100,27.65
516,Lakhnadon,IN,2022-11-30 21:19:50,22.6,79.6,56.98,59,9,3.51
517,Zasechnoye,RU,2022-11-30 21:19:50,53.1092,45.0764,20.68,77,4,3.33
518,Sorong,ID,2022-11-30 21:16:21,-0.8833,131.25,79.43,80,100,3.33
519,Iglesias,IT,2022-11-30 21:19:51,39.3114,8.535,46.78,79,4,1.68
520,Bathsheba,BB,2022-11-30 21:19:52,13.2167,-59.5167,81.21,74,40,18.41
521,Brande,DK,2022-11-30 21:19:52,55.9381,9.1218,39.72,88,93,6.69
522,Visnes,NO,2022-11-30 21:19:53,59.3556,5.2242,44.22,75,100,5.75
523,Luanda,AO,2022-11-30 21:19:53,-8.8368,13.2343,77.0,88,75,3.44
524,Bone,DE,2022-11-30 21:19:54,51.9669,12.1396,36.9,85,69,5.68
525,Fougamou,GA,2022-11-30 21:19:54,-1.2154,10.5838,73.38,97,65,1.88
526,Orlik,RU,2022-11-30 21:19:55,52.5178,99.825,-23.31,94,14,2.57
527,Kysyl-Syr,RU,2022-11-30 21:19:55,63.8986,122.7617,-29.61,98,100,4.29
528,Dubbo,AU,2022-11-30 21:19:56,-32.25,148.6167,62.73,67,40,12.66
529,Caceres,ES,2022-11-30 21:19:56,39.522,-6.3748,46.51,96,100,4.07
530,Praia,CV,2022-11-30 21:19:56,14.9215,-23.5087,75.16,66,77,14.2
531,Odienne,CI,2022-11-30 21:19:57,9.51,-7.5692,82.42,36,96,2.62
532,Zhigansk,RU,2022-11-30 21:19:57,66.7697,123.3711,-28.77,96,87,7.16
533,Karratha,AU,2022-11-30 21:19:58,-20.7377,116.8463,80.98,57,96,8.14
534,Careiro Da Varzea,BR,2022-11-30 21:19:58,-3.2003,-59.8119,92.03,59,97,1.92
535,Talaya,RU,2022-11-30 21:19:59,61.3833,152.75,-21.35,99,100,4.05
536,Monze,ZM,2022-11-30 21:19:59,-16.2833,27.4833,66.04,79,0,4.21
537,Kizilskoye,RU,2022-11-30 21:20:00,52.7255,58.8937,1.47,87,10,5.1
538,Windhoek,NA,2022-11-30 21:19:31,-22.5594,17.0832,76.42,38,92,5.01
539,Tianpeng,CN,2022-11-30 21:20:00,30.9866,103.9393,39.67,91,100,2.57
540,Waverly,US,2022-11-30 21:20:01,42.7392,-84.6208,30.13,72,100,31.07
541,Vao,NC,2022-11-30 21:20:02,-22.6667,167.4833,77.68,84,88,6.73
542,Basco,PH,2022-11-30 21:20:02,20.4487,121.9702,79.38,79,70,25.05
543,Buckeye,US,2022-11-30 21:15:18,33.3703,-112.5838,73.29,30,0,8.05
544,Najran,SA,2022-11-30 21:20:03,17.4924,44.1277,60.75,37,63,0.92
545,Puerto Quijarro,BO,2022-11-30 21:20:04,-17.7833,-57.7667,82.09,59,85,13.31
546,Oistins,BB,2022-11-30 21:20:04,13.0667,-59.5333,80.69,74,40,18.41
547,Sobolevo,RU,2022-11-30 21:20:05,54.4299,31.8996,19.09,88,100,7.29
548,Hamadan,IR,2022-11-30 21:20:06,34.7992,48.5146,36.48,87,40,2.3
549,Koulikoro,ML,2022-11-30 21:20:07,14.0,-7.75,78.24,16,88,7.31
550,Martinsville,US,2022-11-30 21:20:07,36.6915,-79.8725,58.82,44,40,14.97
551,Mnogovershinnyy,RU,2022-11-30 21:20:08,53.9353,139.9242,-4.36,90,100,18.7
552,Zheleznodorozhnyy,RU,2022-11-30 21:20:09,55.7503,38.0042,9.14,96,82,3.24
553,Xinzhi,CN,2022-11-30 21:20:09,36.4989,111.7047,20.5,14,0,7.14
554,College,US,2022-11-30 21:21:10,64.8569,-147.8028,4.21,78,100,0.0
555,Nanakuli,US,2022-11-30 21:21:10,21.3906,-158.1547,85.03,55,0,9.22
556,Mitsamiouli,KM,2022-11-30 21:21:10,-11.3847,43.2844,78.22,76,1,5.64
557,Verkhneuralsk,RU,2022-11-30 21:21:11,53.8769,59.2106,-0.09,91,59,3.11
558,Garissa,KE,2022-11-30 21:21:11,-0.4536,39.6401,77.2,77,99,9.73
559,Faanui,PF,2022-11-30 21:17:46,-16.4833,-151.75,80.06,77,15,12.77
560,Ugoofaaru,MV,2022-11-30 21:21:12,5.6667,73.0,80.92,67,26,2.84
561,Namie,JP,2022-11-30 21:21:13,37.4833,141.0,44.71,78,39,7.14
562,Sebring,US,2022-11-30 21:21:13,27.4956,-81.4409,84.78,65,86,3.0
563,Estrela,BR,2022-11-30 21:21:14,-28.0611,-50.9383,64.35,95,100,5.39
564,Half Moon Bay,US,2022-11-30 21:21:08,37.4636,-122.4286,61.11,60,0,6.91
565,Nagar Karnul,IN,2022-11-30 21:21:14,16.4821,78.3247,66.6,79,4,5.1
566,Skjervoy,NO,2022-11-30 21:21:15,70.0311,20.9714,30.2,71,74,7.05
567,Russkaya Polyana,UA,2022-11-30 21:21:15,49.417,31.9201,32.27,56,79,12.8
568,Oktyabrskiy,RU,2022-11-30 21:21:16,54.4815,53.471,3.42,99,77,1.79
569,Yinchuan,CN,2022-11-30 21:21:16,38.4681,106.2731,12.69,14,0,2.82
570,Meulaboh,ID,2022-11-30 21:21:17,4.1363,96.1285,75.18,90,100,3.56
571,Waddan,LY,2022-11-30 21:21:17,29.1614,16.139,56.44,42,0,5.12
572,Ostrovnoy,RU,2022-11-30 21:21:13,68.0531,39.5131,20.41,93,85,7.52
573,Suntar,RU,2022-11-30 21:21:18,62.1444,117.6319,-10.71,96,100,7.54
574,Bairiki,KI,2022-11-30 21:21:18,1.3292,172.9752,84.2,74,40,6.91
575,Derzhavinsk,KZ,2022-11-30 21:21:19,51.1,66.3167,10.45,85,100,12.55
576,Bilibino,RU,2022-11-30 21:21:19,68.0546,166.4372,8.78,96,100,3.96
577,Anqing,CN,2022-11-30 21:21:20,30.5092,117.0506,30.63,79,100,10.29
578,Trincomalee,LK,2022-11-30 21:21:20,8.5711,81.2335,79.63,79,77,6.4
579,Kvarkeno,RU,2022-11-30 21:21:21,52.0833,59.725,3.88,88,8,8.52
580,Sharjah,AE,2022-11-30 21:21:21,25.3573,55.4033,78.78,83,85,5.75
581,Owando,CG,2022-11-30 21:21:22,-0.4819,15.8999,68.45,99,100,2.33
582,Richards Bay,ZA,2022-11-30 21:21:22,-28.783,32.0377,67.19,88,10,7.23
583,Chortomlyk,UA,2022-11-30 21:21:22,47.6232,34.142,35.04,53,86,17.96
584,Barra Patuca,HN,2022-11-30 21:21:23,15.8,-84.2833,80.92,79,4,9.24
585,Bandarbeyla,SO,2022-11-30 21:21:23,9.4942,50.8122,77.99,83,7,15.95
586,San Cristobal,VE,2022-11-30 21:21:24,7.7669,-72.225,71.78,73,49,5.55
587,Sibu,MY,2022-11-30 21:21:25,2.3,111.8167,75.51,100,40,0.0
588,Ca Mau,VN,2022-11-30 21:21:25,9.1769,105.15,76.51,92,100,7.74
589,Hailey,US,2022-11-30 21:21:26,43.5196,-114.3153,25.0,80,100,5.75
590,Maneadero,MX,2022-11-30 21:21:26,31.7167,-116.5667,60.1,72,17,3.0
591,Pitelino,RU,2022-11-30 21:21:26,54.5777,41.8145,9.84,97,56,3.22
592,Santa Rosa Del Sur,CO,2022-11-30 21:21:27,7.9644,-74.0544,77.32,79,64,2.26
593,Guerrero Negro,MX,2022-11-30 21:21:28,27.9769,-114.0611,65.32,60,11,12.8
594,Carutapera,BR,2022-11-30 21:21:28,-1.195,-46.02,79.32,75,99,6.6
595,Port Hawkesbury,CA,2022-11-30 21:21:28,45.6169,-61.3485,37.58,78,100,10.0
596,Daru,PG,2022-11-30 21:21:29,-9.0763,143.2092,76.95,90,100,7.11
597,Faya,SA,2022-11-30 21:21:29,18.3851,42.4509,55.92,79,85,2.95
598,Charlottesville,US,2022-11-30 21:16:33,38.0293,-78.4767,61.45,39,0,6.91
599,Kimbe,PG,2022-11-30 21:20:45,-5.5502,150.1429,77.63,91,78,1.63
600,Rathdrum,US,2022-11-30 21:21:57,47.8137,-116.892,34.61,94,100,9.22
601,Latung,PH,2022-11-30 21:22:31,5.5,120.8833,80.71,80,95,9.6
602,Mildura,AU,2022-11-30 21:21:13,-34.2,142.15,59.07,78,4,15.59
603,Porto Novo,BJ,2022-11-30 21:20:09,6.4965,2.6036,79.72,80,47,6.4
604,Methala,IN,2022-11-30 21:22:32,10.2166,76.2166,77.0,94,86,3.62
605,Vila Velha,BR,2022-11-30 21:22:33,-20.3297,-40.2925,76.95,94,100,6.91
606,Bodden Town,KY,2022-11-30 21:22:33,19.2833,-81.25,86.0,68,20,10.36
607,Whitehorse,CA,2022-11-30 21:22:33,60.7161,-135.0538,-12.23,77,40,10.36
608,Litovko,RU,2022-11-30 21:22:34,49.2361,135.1742,-5.85,75,40,19.15
609,Nushki,PK,2022-11-30 21:22:34,29.5542,66.0215,54.32,30,100,0.92
610,Ozerna,UA,2022-11-30 21:22:35,49.6289,25.329,29.39,95,100,7.02
611,Thunder Bay,CA,2022-11-30 21:20:34,48.4001,-89.3168,22.98,63,100,20.71
612,Lakatoro,VU,2022-11-30 21:22:36,-16.0999,167.4164,83.53,76,96,11.27
613,Ndele,CF,2022-11-30 21:22:36,8.4109,20.6473,78.71,29,100,2.24
614,Juliaca,PE,2022-11-30 21:22:37,-15.5,-70.1333,66.18,8,0,12.66
615,Mabaruma,GY,2022-11-30 21:22:37,8.2,-59.7833,77.25,79,50,4.23
616,Vanimo,PG,2022-11-30 21:22:37,-2.6741,141.3028,77.45,89,100,5.19
617,Puro,PH,2022-11-30 21:22:38,12.4841,123.3827,79.57,86,100,12.68
618,Shibetsu,JP,2022-11-30 21:22:38,43.659,145.132,25.9,66,68,15.79
619,Penzance,GB,2022-11-30 21:22:39,50.1186,-5.5371,48.88,79,17,10.2
620,Jurm,AF,2022-11-30 21:22:39,36.8648,70.8342,44.82,46,100,3.22
621,Ciudad Bolivar,VE,2022-11-30 21:22:40,8.1222,-63.5497,85.12,51,77,10.22
622,Sao Joao Da Barra,BR,2022-11-30 21:22:40,-21.6403,-41.0511,75.29,90,100,16.82
623,Turayf,SA,2022-11-30 21:22:41,31.6725,38.6637,52.05,87,0,3.44
624,Syracuse,IT,2022-11-30 21:22:41,37.0881,15.2792,54.99,71,63,9.86
625,Nome,US,2022-11-30 21:22:42,64.5011,-165.4064,24.87,81,100,10.36
626,Redlands,US,2022-11-30 21:20:40,34.0556,-117.1825,65.55,58,0,5.75
627,Nyagan,RU,2022-11-30 21:21:18,62.1406,65.3936,0.77,98,96,1.79
628,Port Lincoln,AU,2022-11-30 21:21:12,-34.7333,135.8667,59.13,76,12,14.03
629,Aripuana,BR,2022-11-30 21:22:43,-9.1667,-60.6333,90.86,46,63,3.87
630,Catamarca,AR,2022-11-30 21:22:43,-28.4696,-65.7852,81.07,58,42,1.99
631,Okahandja,NA,2022-11-30 21:22:44,-21.9833,16.9167,82.63,25,88,2.64
632,Conceicao Do Araguaia,BR,2022-11-30 21:22:44,-8.2578,-49.2647,76.14,91,96,3.56
633,Port-Cartier,CA,2022-11-30 21:22:44,50.0334,-66.8654,28.08,71,100,16.26
634,Stornoway,GB,2022-11-30 21:22:45,58.2093,-6.3865,49.96,93,100,23.02
635,Bad Munstereifel,DE,2022-11-30 21:18:06,50.55,6.7667,41.86,96,100,4.07
636,Mongu,ZM,2022-11-30 21:22:46,-15.2484,23.1274,71.6,65,1,5.68
637,Golaesti,RO,2022-11-30 21:22:46,47.2333,27.7,35.17,86,100,8.05
638,Waw,SS,2022-11-30 21:22:47,7.7029,27.9953,83.39,36,100,4.41
639,Hamilton,US,2022-11-30 21:19:59,39.1834,-84.5333,39.83,50,0,14.97
640,Nuevitas,CU,2022-11-30 21:22:47,21.5453,-77.2644,82.04,66,5,11.79
641,Zhuanghe,CN,2022-11-30 21:22:48,39.7008,122.9911,20.71,38,15,7.85
642,Mandal,IN,2022-11-30 21:22:48,25.45,74.5667,58.01,44,0,1.21
643,Rock Springs,US,2022-11-30 21:22:49,41.5875,-109.2029,29.05,63,0,5.75
644,Labuhan,ID,2022-11-30 21:22:49,-6.8844,112.2051,76.66,84,100,11.03
645,Wenling,CN,2022-11-30 21:22:32,28.3669,121.36,42.44,85,100,14.67
646,Port Blair,IN,2022-11-30 21:21:54,11.6667,92.75,80.37,83,91,7.05
647,Portel,BR,2022-11-30 21:23:50,-1.9356,-50.8211,82.0,71,95,4.14
648,Dwarka,IN,2022-11-30 21:23:51,22.2394,68.9678,75.0,54,0,9.86
649,Jacqueville,CI,2022-11-30 21:23:51,5.2052,-4.4146,80.64,79,93,8.01
650,Fereydunshahr,IR,2022-11-30 21:23:52,32.941,50.121,38.88,50,73,3.18
651,Zeya,RU,2022-11-30 21:23:52,53.75,127.2667,-23.82,93,33,3.91
652,Puerto Del Rosario,ES,2022-11-30 21:23:52,28.5004,-13.8627,69.55,68,75,9.22
653,Esso,RU,2022-11-30 21:23:53,55.9333,158.7,16.75,98,99,1.41
654,Osmena,PH,2022-11-30 21:23:21,10.5208,119.9258,82.54,78,94,18.28
655,Maldonado,UY,2022-11-30 21:23:54,-34.6667,-54.9167,80.22,53,28,18.3
656,Luena,AO,2022-11-30 21:23:54,-11.7833,19.9167,61.97,96,96,2.28
657,Kozluk,TR,2022-11-30 21:23:54,38.1938,41.4885,48.45,75,29,5.7
658,Kouqian,CN,2022-11-30 21:23:55,43.6391,126.4578,4.12,66,77,13.38
659,Ilhabela,BR,2022-11-30 21:23:55,-23.7781,-45.3581,72.84,95,100,7.43
660,Humberto De Campos,BR,2022-11-30 21:23:56,-2.5983,-43.4611,79.29,74,81,6.71
661,Novaya Mayna,RU,2022-11-30 21:23:56,54.15,49.75,9.39,95,36,3.58
662,Nadvoitsy,RU,2022-11-30 21:23:57,63.8667,34.3167,22.53,95,100,4.9
663,Entre Rios,BR,2022-11-30 21:23:57,-11.9419,-38.0844,75.11,81,94,5.12
664,Grimstad,NO,2022-11-30 21:23:58,58.3405,8.5934,36.23,81,100,10.13
665,Hermosillo,MX,2022-11-30 21:23:58,29.0667,-110.9667,84.24,20,0,5.01
666,Umm Kaddadah,SD,2022-11-30 21:23:59,13.6017,26.6876,77.0,19,21,15.3
667,Oktyabrskoye,RU,2022-11-30 21:23:59,43.0645,44.7417,30.34,100,100,0.0
668,Lorengau,PG,2022-11-30 21:20:57,-2.0226,147.2712,81.77,77,97,4.25
669,Yangambi,CD,2022-11-30 21:24:00,0.8102,24.4336,68.02,99,87,1.66
670,Hami,CN,2022-11-30 21:21:54,42.8,93.45,10.99,22,83,1.54
671,General Roca,AR,2022-11-30 21:24:00,-39.0333,-67.5833,84.61,12,8,5.3
672,Pochutla,MX,2022-11-30 21:24:01,15.7432,-96.4661,87.82,57,24,7.14
673,Oskemen,KZ,2022-11-30 21:24:01,49.9565,82.6119,-22.04,75,75,2.24
674,Ola,RU,2022-11-30 21:24:02,59.5833,151.2833,23.14,79,100,20.71
675,Sabha,LY,2022-11-30 21:24:02,27.0377,14.4283,53.76,33,0,5.66
676,Ipora,BR,2022-11-30 21:24:03,-16.4419,-51.1178,71.98,82,63,5.57
677,Baiyin,CN,2022-11-30 21:24:03,36.5583,104.2081,15.28,32,72,1.25
678,Japura,ID,2022-11-30 21:24:04,-0.3167,102.35,72.97,99,100,3.0
679,Kuruman,ZA,2022-11-30 21:24:04,-27.4524,23.4325,78.91,31,94,7.94
680,Langsa,ID,2022-11-30 21:24:05,4.4683,97.9683,74.08,94,100,2.73
681,Zhanaozen,KZ,2022-11-30 21:24:05,43.3,52.8,27.93,35,100,9.06
682,Muravlenko,RU,2022-11-30 21:24:06,63.7898,74.523,-18.2,100,12,4.32
683,Mocuba,MZ,2022-11-30 21:24:06,-16.8392,36.9856,66.88,97,89,2.51
684,Carstairs,CA,2022-11-30 21:24:07,51.5668,-114.102,2.5,83,100,4.0
685,Kansanshi,ZM,2022-11-30 21:21:43,-12.0951,26.4273,62.02,93,80,2.33
686,Puksoozero,RU,2022-11-30 21:24:08,62.5903,40.6066,7.05,98,88,2.57
687,Sembe,CG,2022-11-30 21:21:46,1.6481,14.5806,70.02,99,100,0.94
688,Mangrol,IN,2022-11-30 21:24:09,21.1167,70.1167,72.55,40,0,9.91
689,Grosseto,IT,2022-11-30 21:24:09,42.8333,11.25,44.17,87,0,9.22
690,Kingman,US,2022-11-30 21:23:38,35.1894,-114.053,60.75,40,0,12.66
691,Champerico,GT,2022-11-30 21:24:10,14.3,-91.9167,91.94,73,17,8.28
692,Tarogong,ID,2022-11-30 21:24:11,-7.1902,107.8874,67.77,97,100,3.22
693,Minamiashigara,JP,2022-11-30 21:24:11,35.3193,139.099,53.02,75,100,6.04
694,Delta Del Tigre,UY,2022-11-30 21:25:12,-34.7633,-56.3853,79.21,65,100,10.36
695,Salalah,OM,2022-11-30 21:25:12,17.0151,54.0924,78.89,73,20,5.75
696,Alice Springs,AU,2022-11-30 21:21:21,-23.7,133.8833,58.55,58,0,0.0
697,Qasigiannguit,GL,2022-11-30 21:23:28,68.8193,-51.1922,23.25,94,100,9.8
698,Sumbe,AO,2022-11-30 21:25:13,-11.2061,13.8437,77.52,84,100,5.35
699,Neiafu,TO,2022-11-30 21:25:14,-18.65,-173.9833,83.08,83,20,8.05
